H,MSANT,2025/08/29,MSANT,80
MSANT0000001,MSANT00001,2025/08/29,RJPS2,RJPS2,MCAACCSIC,1A,AAPL,*,71029.00,0,0.00000000,0,,,,,0,0.000000,0,MXN,ACCIONES,247995229.00,1.00000000,TECNOLOGIA DE LA INFORMACION,,,,,5190,SANTANDER ASSET MANAGEMENT,021,NACIONAL,1,,NACIONAL,0.00000000,0.00000000,02,MANDATOIMSS,MSANT,0.00000,14840400000,0.000,0,247995229.00
MSANT0000002,MSANT00001,2025/08/29,RJPS2,RJPS2,MCAACCRNV,1,AC,*,375000.00,0,0.00000000,0,,,,,0,0.000000,0,MXN,ACCIONES,69347530.00,1.00000000,PRODUCTOS DE CONSUMO FRECUENTE,,,,,5190,SANTANDER ASSET MANAGEMENT,021,NACIONAL,1,,NACIONAL,0.00000000,0.00000000,02,MANDATOIMSS,MSANT,0.00000,1698190000,0.000,0,69347530.00
MSANT0000003,MSANT00001,2025/08/29,RJPS2,RJPS2,MCAACCSIC,1A,ACN,N,5299.00,0,0.00000000,0,,,,,0,0.000000,0,MXN,ACCIONES,27740689.00,1.00000000,INDUSTRIAL,,,,,5190,SANTANDER ASSET MANAGEMENT,021,NACIONAL,1,,NACIONAL,0.00000000,0.00000000,02,MANDATOIMSS,MSANT,0.00000,622854000,0.000,0,27740689.00
MSANT0000004,MSANT00001,2025/08/29,RJPS2,RJPS2,MCAACCSIC,1A,ADAP,*,7359.00,0,0.00000000,0,,,,,0,0.000000,0,MXN,ACCIONES,30635676.00,1.00000000,TECNOLOGIA DE LA INFORMACION,,,,,5190,SANTANDER ASSET MANAGEMENT,021,NACIONAL,1,,NACIONAL,0.00000000,0.00000000,02,MANDATOIMSS,MSANT,0.00000,405043000,0.000,0,30635676.00
MSANT0000005,MSANT00001,2025/08/29,RJPS2,RJPS2,MCAACCSIC,1A,ADSK,*,9437.00,0,0.00000000,0,,,,,0,0.000000,0,MXN,ACCIONES,35818221.00,1.00000000,TECNOLOGIA DE LA INFORMACION,,,,,5190,SANTANDER ASSET MANAGEMENT,021,NACIONAL,1,,NACIONAL,0.00000000,0.00000000,02,MANDATOIMSS,MSANT,0.00000,214000000,0.000,0,35818221.00
MSANT0000006,MSANT00001,2025/08/29,RJPS2,RJPS2,MCAACCRNV,1,ALSEA,*,590000.00,0,0.00000000,0,,,,,0,0.000000,0,MXN,ACCIONES,30584767.00,1.00000000,SERVICIOS Y BIENES DE CONSUMO NO BASICO,,,,,5190,SANTANDER ASSET MANAGEMENT,021,NACIONAL,1,,NACIONAL,0.00000000,0.00000000,02,MANDATOIMSS,MSANT,0.00000,803373000,0.000,0,30584767.00
MSANT0000007,MSANT00001,2025/08/29,RJPS2,RJPS2,MCAACCSIC,1A,AMD,*,20608.00,0,0.00000000,0,,,,,0,0.000000,0,MXN,ACCIONES,49161601.00,1.00000000,TECNOLOGIA DE LA INFORMACION,,,,,5190,SANTANDER ASSET MANAGEMENT,021,NACIONAL,1,,NACIONAL,0.00000000,0.00000000,02,MANDATOIMSS,MSANT,0.00000,1622840000,0.000,0,49161601.00
MSANT0000008,MSANT00001,2025/08/29,RJPS2,RJPS2,MCAACCSIC,1A,AMGN,*,11498.00,0,0.00000000,0,,,,,0,0.000000,0,MXN,ACCIONES,57795316.00,1.00000000,SALUD,,,,,5190,SANTANDER ASSET MANAGEMENT,021,NACIONAL,1,,NACIONAL,0.00000000,0.00000000,02,MANDATOIMSS,MSANT,0.00000,538362000,0.000,0,57795316.00
MSANT0000009,MSANT00001,2025/08/29,RJPS2,RJPS2,MCAACCRNV,1,AMX,B,8350000.00,0,0.00000000,0,,,,,0,0.000000,0,MXN,ACCIONES,134056511.00,1.00000000,SERVICIOS DE TELECOMUNICACIONES,,,,,5190,SANTANDER ASSET MANAGEMENT,021,NACIONAL,1,,NACIONAL,0.00000000,0.00000000,02,MANDATOIMSS,MSANT,0.00000,60359400000,0.000,0,134056511.00
MSANT0000010,MSANT00001,2025/08/29,RJPS2,RJPS2,MCAACCSIC,1A,AMZN,*,65576.00,0,0.00000000,0,,,,,0,0.000000,0,MXN,ACCIONES,205971414.00,1.00000000,SERVICIOS Y BIENES DE CONSUMO NO BASICO,,,,,5190,SANTANDER ASSET MANAGEMENT,021,NACIONAL,1,,NACIONAL,0.00000000,0.00000000,02,MANDATOIMSS,MSANT,0.00000,10664900000,0.000,0,205971414.00
MSANT0000011,MSANT00001,2025/08/29,RJPS2,RJPS2,MCAACCSIC,1A,ASML1,N,3132.00,0,0.00000000,0,,,,,0,0.000000,0,MXN,ACCIONES,41908728.00,1.00000000,TECNOLOGIA DE LA INFORMACION,,,,,5190,SANTANDER ASSET MANAGEMENT,021,NACIONAL,1,,NACIONAL,0.00000000,0.00000000,02,MANDATOIMSS,MSANT,0.00000,393284000,0.000,0,41908728.00
MSANT0000012,MSANT00001,2025/08/29,RJPS2,RJPS2,MCAACCSIC,1A,AVGO,*,21633.00,0,0.00000000,0,,,,,0,0.000000,0,MXN,ACCIONES,103143042.00,1.00000000,TECNOLOGIA DE LA INFORMACION,,,,,5190,SANTANDER ASSET MANAGEMENT,021,NACIONAL,1,,NACIONAL,0.00000000,0.00000000,02,MANDATOIMSS,MSANT,0.00000,4703470000,0.000,0,103143042.00
MSANT0000013,MSANT00001,2025/08/29,RJPS2,RJPS2,MCAACCSIC,1A,AXP,*,4995.00,0,0.00000000,0,,,,,0,0.000000,0,MXN,ACCIONES,27589932.00,1.00000000,SERVICIOS FINANCIEROS,,,,,5190,SANTANDER ASSET MANAGEMENT,021,NACIONAL,1,,NACIONAL,0.00000000,0.00000000,02,MANDATOIMSS,MSANT,0.00000,695882000,0.000,0,27589932.00
MSANT0000014,MSANT00001,2025/08/29,RJPS2,RJPS2,MCAACCRNV,1,BIMBO,A,943000.00,0,0.00000000,0,,,,,0,0.000000,0,MXN,ACCIONES,52293021.00,1.00000000,PRODUCTOS DE CONSUMO FRECUENTE,,,,,5190,SANTANDER ASSET MANAGEMENT,021,NACIONAL,1,,NACIONAL,0.00000000,0.00000000,02,MANDATOIMSS,MSANT,0.00000,4304740000,0.000,0,52293021.00
MSANT0000015,MSANT00001,2025/08/29,RJPS2,RJPS2,MCAACCRNV,1,BOLSA,A,655000.00,0,0.00000000,0,,,,,0,0.000000,0,MXN,ACCIONES,27144864.00,1.00000000,SERVICIOS FINANCIEROS,,,,,5190,SANTANDER ASSET MANAGEMENT,021,NACIONAL,1,,NACIONAL,0.00000000,0.00000000,02,MANDATOIMSS,MSANT,0.00000,559083000,0.000,0,27144864.00
MSANT0000080,MSANT00001,2025/08/29,RJPS2,RJPS2,BANFON,IS,BPA182,280412,462475.00,0,0.00000000,0,,,2025/08/29,2025/09/01,3,0.000000,7.80000,MXN,0,47646687.56,1.00000000,,,,,,5190,SANTANDER ASSET MANAGEMENT,021,NACIONAL,2,,NACIONAL,0.00000000,0.00000000,02,MANDATOIMSS,MSANT,0.00000,0,0.000,100,47646687.56
MSANT0000016,MSANT00001,2025/08/29,RJPS2,RJPS2,MCAACCSIC,1A,CAT,*,7002.00,0,0.00000000,0,,,,,0,0.000000,0,MXN,ACCIONES,40772296.00,1.00000000,INDUSTRIAL,,,,,5190,SANTANDER ASSET MANAGEMENT,021,NACIONAL,1,,NACIONAL,0.00000000,0.00000000,02,MANDATOIMSS,MSANT,0.00000,468478000,0.000,0,40772296.00
MSANT0000017,MSANT00001,2025/08/29,RJPS2,RJPS2,MCAACCRNV,1,CEMEX,CPO,5970000.00,0,0.00000000,0,,,,,0,0.000000,0,MXN,ACCIONES,82202604.00,1.00000000,MATERIALES,,,,,5190,SANTANDER ASSET MANAGEMENT,021,NACIONAL,1,,NACIONAL,0.00000000,0.00000000,02,MANDATOIMSS,MSANT,0.00000,15137400000,0.000,0,82202604.00
MSANT0000018,MSANT00001,2025/08/29,RJPS2,RJPS2,MCAACCRNV,1,CHDRAUI,B,250000.00,0,0.00000000,0,,,,,0,0.000000,0,MXN,ACCIONES,37878139.00,1.00000000,PRODUCTOS DE CONSUMO FRECUENTE,,,,,5190,SANTANDER ASSET MANAGEMENT,021,NACIONAL,1,,NACIONAL,0.00000000,0.00000000,02,MANDATOIMSS,MSANT,0.00000,960772000,0.000,0,37878139.00
MSANT0000019,MSANT00001,2025/08/29,RJPS2,RJPS2,MCAACCSIC,1A,CMG,*,24700.00,0,0.00000000,0,,,,,0,0.000000,0,MXN,ACCIONES,26090595.00,1.00000000,SERVICIOS Y BIENES DE CONSUMO NO BASICO,,,,,5190,SANTANDER ASSET MANAGEMENT,021,NACIONAL,1,,NACIONAL,0.00000000,0.00000000,02,MANDATOIMSS,MSANT,0.00000,1340890000,0.000,0,26090595.00
MSANT0000020,MSANT00001,2025/08/29,RJPS2,RJPS2,MCAACCSIC,1A,COST,*,1988.00,0,0.00000000,0,,,,,0,0.000000,0,MXN,ACCIONES,34623962.00,1.00000000,PRODUCTOS DE CONSUMO FRECUENTE,,,,,5190,SANTANDER ASSET MANAGEMENT,021,NACIONAL,1,,NACIONAL,0.00000000,0.00000000,02,MANDATOIMSS,MSANT,0.00000,443477000,0.000,0,34623962.00
MSANT0000021,MSANT00001,2025/08/29,RJPS2,RJPS2,MCAACCSIC,1A,CRM,*,12605.00,0,0.00000000,0,,,,,0,0.000000,0,MXN,ACCIONES,53614693.00,1.00000000,TECNOLOGIA DE LA INFORMACION,,,,,5190,SANTANDER ASSET MANAGEMENT,021,NACIONAL,1,,NACIONAL,0.00000000,0.00000000,02,MANDATOIMSS,MSANT,0.00000,955999000,0.000,0,53614693.00
MSANT0000022,MSANT00001,2025/08/29,RJPS2,RJPS2,MCAACCSIC,1A,CSCO,*,21959.00,0,0.00000000,0,,,,,0,0.000000,0,MXN,ACCIONES,27846208.00,1.00000000,TECNOLOGIA DE LA INFORMACION,,,,,5190,SANTANDER ASSET MANAGEMENT,021,NACIONAL,1,,NACIONAL,0.00000000,0.00000000,02,MANDATOIMSS,MSANT,0.00000,3960000000,0.000,0,27846208.00
MSANT0000023,MSANT00001,2025/08/29,RJPS2,RJPS2,MCAACCSIC,1A,DE,*,6538.00,0,0.00000000,0,,,,,0,0.000000,0,MXN,ACCIONES,42160765.00,1.00000000,INDUSTRIAL,,,,,5190,SANTANDER ASSET MANAGEMENT,021,NACIONAL,1,,NACIONAL,0.00000000,0.00000000,02,MANDATOIMSS,MSANT,0.00000,270827000,0.000,0,42160765.00
MSANT0000024,MSANT00001,2025/08/29,RJPS2,RJPS2,MCAACCSIC,1A,DHI,*,12059.00,0,0.00000000,0,,,,,0,0.000000,0,MXN,ACCIONES,39384897.00,1.00000000,INDUSTRIAL,,,,,5190,SANTANDER ASSET MANAGEMENT,021,NACIONAL,1,,NACIONAL,0.00000000,0.00000000,02,MANDATOIMSS,MSANT,0.00000,298124000,0.000,0,39384897.00
MSANT0000025,MSANT00001,2025/08/29,RJPS2,RJPS2,MCAACCSIC,1A,DIS,*,24976.00,0,0.00000000,0,,,,,0,0.000000,0,MXN,ACCIONES,50887216.00,1.00000000,SERVICIOS DE TELECOMUNICACIONES,,,,,5190,SANTANDER ASSET MANAGEMENT,021,NACIONAL,1,,NACIONAL,0.00000000,0.00000000,02,MANDATOIMSS,MSANT,0.00000,1797930000,0.000,0,50887216.00
MSANT0000026,MSANT00001,2025/08/29,RJPS2,RJPS2,MCAACCSIC,1A,EL,*,20866.00,0,0.00000000,0,,,,,0,0.000000,0,MXN,ACCIONES,34183272.00,1.00000000,PRODUCTOS DE CONSUMO FRECUENTE,,,,,5190,SANTANDER ASSET MANAGEMENT,021,NACIONAL,1,,NACIONAL,0.00000000,0.00000000,02,MANDATOIMSS,MSANT,0.00000,359889000,0.000,0,34183272.00
MSANT0000027,MSANT00001,2025/08/29,RJPS2,RJPS2,MCAACCSIC,1A,ETN1,N,4040.00,0,0.00000000,0,,,,,0,0.000000,0,MXN,ACCIONES,27500078.00,1.00000000,INDUSTRIAL,,,,,5190,SANTANDER ASSET MANAGEMENT,021,NACIONAL,1,,NACIONAL,0.00000000,0.00000000,02,MANDATOIMSS,MSANT,0.00000,389300000,0.000,0,27500078.00
MSANT0000028,MSANT00001,2025/08/29,RJPS2,RJPS2,MCAACCRNV,1,FEMSA,UBD,551000.00,0,0.00000000,0,,,,,0,0.000000,0,MXN,ACCIONES,110181947.00,1.00000000,PRODUCTOS DE CONSUMO FRECUENTE,,,,,5190,SANTANDER ASSET MANAGEMENT,021,NACIONAL,1,,NACIONAL,0.00000000,0.00000000,02,MANDATOIMSS,MSANT,0.00000,2022670000,0.000,0,110181947.00
MSANT0000029,MSANT00001,2025/08/29,RJPS2,RJPS2,MCAACCRNV,1,GAP,B,312000.00,0,0.00000000,0,,,,,0,0.000000,0,MXN,ACCIONES,108521341.00,1.00000000,INDUSTRIAL,,,,,5190,SANTANDER ASSET MANAGEMENT,021,NACIONAL,1,,NACIONAL,0.00000000,0.00000000,02,MANDATOIMSS,MSANT,0.00000,429485000,0.000,0,108521341.00
MSANT0000030,MSANT00001,2025/08/29,RJPS2,RJPS2,MCAACCRNV,1,GCC,*,240000.00,0,0.00000000,0,,,,,0,0.000000,0,MXN,ACCIONES,42684801.00,1.00000000,MATERIALES,,,,,5190,SANTANDER ASSET MANAGEMENT,021,NACIONAL,1,,NACIONAL,0.00000000,0.00000000,02,MANDATOIMSS,MSANT,0.00000,337400000,0.000,0,42684801.00
MSANT0000031,MSANT00001,2025/08/29,RJPS2,RJPS2,MCAACCRNV,1,GENTERA,*,910000.00,0,0.00000000,0,,,,,0,0.000000,0,MXN,ACCIONES,25034422.00,1.00000000,SERVICIOS FINANCIEROS,,,,,5190,SANTANDER ASSET MANAGEMENT,021,NACIONAL,1,,NACIONAL,0.00000000,0.00000000,02,MANDATOIMSS,MSANT,0.00000,1582740000,0.000,0,25034422.00
MSANT0000032,MSANT00001,2025/08/29,RJPS2,RJPS2,MCAACCRNV,1,GFNORTE,O,1121000.00,0,0.00000000,0,,,,,0,0.000000,0,MXN,ACCIONES,177811039.00,1.00000000,SERVICIOS FINANCIEROS,,,,,5190,SANTANDER ASSET MANAGEMENT,021,NACIONAL,1,,NACIONAL,0.00000000,0.00000000,02,MANDATOIMSS,MSANT,0.00000,2813160000,0.000,0,177811039.00
MSANT0000033,MSANT00001,2025/08/29,RJPS2,RJPS2,MCAACCRNV,1,GMEXICO,B,1499000.00,0,0.00000000,0,,,,,0,0.000000,0,MXN,ACCIONES,158048821.00,1.00000000,MATERIALES,,,,,5190,SANTANDER ASSET MANAGEMENT,021,NACIONAL,1,,NACIONAL,0.00000000,0.00000000,02,MANDATOIMSS,MSANT,0.00000,7785000000,0.000,0,158048821.00
MSANT0000034,MSANT00001,2025/08/29,RJPS2,RJPS2,MCAACCSIC,1A,GOOGL,*,65061.00,0,0.00000000,0,,,,,0,0.000000,0,MXN,ACCIONES,165028867.00,1.00000000,TECNOLOGIA DE LA INFORMACION,,,,,5190,SANTANDER ASSET MANAGEMENT,021,NACIONAL,1,,NACIONAL,0.00000000,0.00000000,02,MANDATOIMSS,MSANT,0.00000,6664000000,0.000,0,165028867.00
MSANT0000035,MSANT00001,2025/08/29,RJPS2,RJPS2,MCAACCSIC,1A,GS,*,6513.00,0,0.00000000,0,,,,,0,0.000000,0,MXN,ACCIONES,63248196.00,1.00000000,SERVICIOS FINANCIEROS,,,,,5190,SANTANDER ASSET MANAGEMENT,021,NACIONAL,1,,NACIONAL,0.00000000,0.00000000,02,MANDATOIMSS,MSANT,0.00000,302721000,0.000,0,63248196.00
MSANT0000036,MSANT00001,2025/08/29,RJPS2,RJPS2,MCAACCSIC,1A,HD,*,7956.00,0,0.00000000,0,,,,,0,0.000000,0,MXN,ACCIONES,55091083.00,1.00000000,SERVICIOS Y BIENES DE CONSUMO NO BASICO,,,,,5190,SANTANDER ASSET MANAGEMENT,021,NACIONAL,1,,NACIONAL,0.00000000,0.00000000,02,MANDATOIMSS,MSANT,0.00000,995387000,0.000,0,55091083.00
MSANT0000037,MSANT00001,2025/08/29,RJPS2,RJPS2,MCAACCSIC,1A,INTU,*,3602.00,0,0.00000000,0,,,,,0,0.000000,0,MXN,ACCIONES,27240640.00,1.00000000,TECNOLOGIA DE LA INFORMACION,,,,,5190,SANTANDER ASSET MANAGEMENT,021,NACIONAL,1,,NACIONAL,0.00000000,0.00000000,02,MANDATOIMSS,MSANT,0.00000,278947000,0.000,0,27240640.00
MSANT0000038,MSANT00001,2025/08/29,RJPS2,RJPS2,MCAACCSIC,1A,ISRG,*,7456.00,0,0.00000000,0,,,,,0,0.000000,0,MXN,ACCIONES,54402837.00,1.00000000,SALUD,,,,,5190,SANTANDER ASSET MANAGEMENT,021,NACIONAL,1,,NACIONAL,0.00000000,0.00000000,02,MANDATOIMSS,MSANT,0.00000,358477000,0.000,0,54402837.00
MSANT0000039,MSANT00001,2025/08/29,RJPS2,RJPS2,MCAETFEXT,1I,IYE,*,194521.00,0,0.00000000,0,,,,,0,0.000000,0,MXN,ETF,159358590.00,1.00000000,TRACKER INTERNACIONAL,,,,,5190,SANTANDER ASSET MANAGEMENT,021,NACIONAL,1,,NACIONAL,0.00000000,0.00000000,02,MANDATOIMSS,MSANT,0.00000,25000000,0.000,0,159358590.00
MSANT0000040,MSANT00001,2025/08/29,RJPS2,RJPS2,MCAACCSIC,1A,JPM,*,21803.00,0,0.00000000,0,,,,,0,0.000000,0,MXN,ACCIONES,100200933.00,1.00000000,SERVICIOS FINANCIEROS,,,,,5190,SANTANDER ASSET MANAGEMENT,021,NACIONAL,1,,NACIONAL,0.00000000,0.00000000,02,MANDATOIMSS,MSANT,0.00000,2749740000,0.000,0,100200933.00
MSANT0000041,MSANT00001,2025/08/29,RJPS2,RJPS2,MCAACCSIC,1A,KO,*,43292.00,0,0.00000000,0,,,,,0,0.000000,0,MXN,ACCIONES,48368940.00,1.00000000,PRODUCTOS DE CONSUMO FRECUENTE,,,,,5190,SANTANDER ASSET MANAGEMENT,021,NACIONAL,1,,NACIONAL,0.00000000,0.00000000,02,MANDATOIMSS,MSANT,0.00000,4303670000,0.000,0,48368940.00
MSANT0000042,MSANT00001,2025/08/29,RJPS2,RJPS2,MCAACCSIC,1A,KR,*,29142.00,0,0.00000000,0,,,,,0,0.000000,0,MXN,ACCIONES,39987538.00,1.00000000,PRODUCTOS DE CONSUMO FRECUENTE,,,,,5190,SANTANDER ASSET MANAGEMENT,021,NACIONAL,1,,NACIONAL,0.00000000,0.00000000,02,MANDATOIMSS,MSANT,0.00000,661156000,0.000,0,39987538.00
MSANT0000043,MSANT00001,2025/08/29,RJPS2,RJPS2,MCAACCSIC,1A,LLY,*,3866.00,0,0.00000000,0,,,,,0,0.000000,0,MXN,ACCIONES,52140433.00,1.00000000,SALUD,,,,,5190,SANTANDER ASSET MANAGEMENT,021,NACIONAL,1,,NACIONAL,0.00000000,0.00000000,02,MANDATOIMSS,MSANT,0.00000,946460000,0.000,0,52140433.00
MSANT0000044,MSANT00001,2025/08/29,RJPS2,RJPS2,MCAETFEXT,1I,MCHI,*,137969.00,0,0.00000000,0,,,,,0,0.000000,0,MXN,ETF,149362251.00,1.00000000,SERVICIOS FINANCIEROS,,,,,5190,SANTANDER ASSET MANAGEMENT,021,NACIONAL,1,,NACIONAL,0.00000000,0.00000000,02,MANDATOIMSS,MSANT,0.00000,128400000,0.000,0,149362251.00
MSANT0000045,MSANT00001,2025/08/29,RJPS2,RJPS2,MCAACCRNV,1,MEGA,CPO,760000.00,0,0.00000000,0,,,,,0,0.000000,0,MXN,ACCIONES,39519232.00,1.00000000,SERVICIOS DE TELECOMUNICACIONES,,,,,5190,SANTANDER ASSET MANAGEMENT,021,NACIONAL,1,,NACIONAL,0.00000000,0.00000000,02,MANDATOIMSS,MSANT,0.00000,471289000,0.000,0,39519232.00
MSANT0000046,MSANT00001,2025/08/29,RJPS2,RJPS2,MCAACCSIC,1A,META,*,14199.00,0,0.00000000,0,,,,,0,0.000000,0,MXN,ACCIONES,80804033.00,1.00000000,TECNOLOGIA DE LA INFORMACION,,,,,5190,SANTANDER ASSET MANAGEMENT,021,NACIONAL,1,,NACIONAL,0.00000000,0.00000000,02,MANDATOIMSS,MSANT,0.00000,2512140000,0.000,0,80804033.00
MSANT0000047,MSANT00001,2025/08/29,RJPS2,RJPS2,MCAACCSIC,1A,MNST,*,35548.00,0,0.00000000,0,,,,,0,0.000000,0,MXN,ACCIONES,30697831.00,1.00000000,PRODUCTOS DE CONSUMO FRECUENTE,,,,,5190,SANTANDER ASSET MANAGEMENT,021,NACIONAL,1,,NACIONAL,0.00000000,0.00000000,02,MANDATOIMSS,MSANT,0.00000,976427000,0.000,0,30697831.00
MSANT0000048,MSANT00001,2025/08/29,RJPS2,RJPS2,MCAACCSIC,1A,MRK,*,28967.00,0,0.00000000,0,,,,,0,0.000000,0,MXN,ACCIONES,49857596.00,1.00000000,SALUD,,,,,5190,SANTANDER ASSET MANAGEMENT,021,NACIONAL,1,,NACIONAL,0.00000000,0.00000000,02,MANDATOIMSS,MSANT,0.00000,2497780000,0.000,0,49857596.00
MSANT0000049,MSANT00001,2025/08/29,RJPS2,RJPS2,MCAACCSIC,1A,MSFT,*,43556.00,0,0.00000000,0,,,,,0,0.000000,0,MXN,ACCIONES,239876753.00,1.00000000,TECNOLOGIA DE LA INFORMACION,,,,,5190,SANTANDER ASSET MANAGEMENT,021,NACIONAL,1,,NACIONAL,0.00000000,0.00000000,02,MANDATOIMSS,MSANT,0.00000,7433170000,0.000,0,239876753.00
MSANT0000050,MSANT00001,2025/08/29,RJPS2,RJPS2,MCAACCSIC,1A,NFLX,*,3380.00,0,0.00000000,0,,,,,0,0.000000,0,MXN,ACCIONES,25007405.00,1.00000000,SERVICIOS Y BIENES DE CONSUMO NO BASICO,,,,,5190,SANTANDER ASSET MANAGEMENT,021,NACIONAL,1,,NACIONAL,0.00000000,0.00000000,02,MANDATOIMSS,MSANT,0.00000,424926000,0.000,0,25007405.00
MSANT0000051,MSANT00001,2025/08/29,RJPS2,RJPS2,MCAACCSIC,1A,NKE,*,39011.00,0,0.00000000,0,,,,,0,0.000000,0,MXN,ACCIONES,74560319.00,1.00000000,SERVICIOS Y BIENES DE CONSUMO NO BASICO,,,,,5190,SANTANDER ASSET MANAGEMENT,021,NACIONAL,1,,NACIONAL,0.00000000,0.00000000,02,MANDATOIMSS,MSANT,0.00000,1476900000,0.000,0,74560319.00
MSANT0000052,MSANT00001,2025/08/29,RJPS2,RJPS2,MCAACCSIC,1A,NVDA,*,131326.00,0,0.00000000,0,,,,,0,0.000000,0,MXN,ACCIONES,125437349.00,1.00000000,TECNOLOGIA DE LA INFORMACION,,,,,5190,SANTANDER ASSET MANAGEMENT,021,NACIONAL,1,,NACIONAL,0.00000000,0.00000000,02,MANDATOIMSS,MSANT,0.00000,24400000000,0.000,0,125437349.00
MSANT0000053,MSANT00001,2025/08/29,RJPS2,RJPS2,MCAACCSIC,1A,NVO,N,31761.00,0,0.00000000,0,,,,,0,0.000000,0,MXN,ACCIONES,28787535.00,1.00000000,SALUD,,,,,5190,SANTANDER ASSET MANAGEMENT,021,NACIONAL,1,,NACIONAL,0.00000000,0.00000000,02,MANDATOIMSS,MSANT,0.00000,3364050000,0.000,0,28787535.00
MSANT0000054,MSANT00001,2025/08/29,RJPS2,RJPS2,MCAACCSIC,1A,ORCL,*,18337.00,0,0.00000000,0,,,,,0,0.000000,0,MXN,ACCIONES,33245765.00,1.00000000,TECNOLOGIA DE LA INFORMACION,,,,,5190,SANTANDER ASSET MANAGEMENT,021,NACIONAL,1,,NACIONAL,0.00000000,0.00000000,02,MANDATOIMSS,MSANT,0.00000,2808840000,0.000,0,33245765.00
MSANT0000055,MSANT00001,2025/08/29,RJPS2,RJPS2,MCAACCRNV,1,PE&OLES,*,93000.00,0,0.00000000,0,,,,,0,0.000000,0,MXN,ACCIONES,27975141.00,1.00000000,MATERIALES,,,,,5190,SANTANDER ASSET MANAGEMENT,021,NACIONAL,1,,NACIONAL,0.00000000,0.00000000,02,MANDATOIMSS,MSANT,0.00000,397475000,0.000,0,27975141.00
MSANT0000056,MSANT00001,2025/08/29,RJPS2,RJPS2,MCAACCSIC,1A,PFE,*,132821.00,0,0.00000000,0,,,,,0,0.000000,0,MXN,ACCIONES,73710979.00,1.00000000,SALUD,,,,,5190,SANTANDER ASSET MANAGEMENT,021,NACIONAL,1,,NACIONAL,0.00000000,0.00000000,02,MANDATOIMSS,MSANT,0.00000,5685550000,0.000,0,73710979.00
MSANT0000057,MSANT00001,2025/08/29,RJPS2,RJPS2,MCAACCSIC,1A,PG,*,15111.00,0,0.00000000,0,,,,,0,0.000000,0,MXN,ACCIONES,41527247.00,1.00000000,PRODUCTOS DE CONSUMO FRECUENTE,,,,,5190,SANTANDER ASSET MANAGEMENT,021,NACIONAL,1,,NACIONAL,0.00000000,0.00000000,02,MANDATOIMSS,MSANT,0.00000,2342370000,0.000,0,41527247.00
MSANT0000058,MSANT00001,2025/08/29,RJPS2,RJPS2,MCAACCSIC,1A,PGR,*,11340.00,0,0.00000000,0,,,,,0,0.000000,0,MXN,ACCIONES,52433591.00,1.00000000,SERVICIOS FINANCIEROS,,,,,5190,SANTANDER ASSET MANAGEMENT,021,NACIONAL,1,,NACIONAL,0.00000000,0.00000000,02,MANDATOIMSS,MSANT,0.00000,586401000,0.000,0,52433591.00
MSANT0000059,MSANT00001,2025/08/29,RJPS2,RJPS2,MCAACCRNV,1,PINFRA,*,304000.00,0,0.00000000,0,,,,,0,0.000000,0,MXN,ACCIONES,61676563.00,1.00000000,INDUSTRIAL,,,,,5190,SANTANDER ASSET MANAGEMENT,021,NACIONAL,1,,NACIONAL,0.00000000,0.00000000,02,MANDATOIMSS,MSANT,0.00000,380124000,0.000,0,61676563.00
MSANT0000060,MSANT00001,2025/08/29,RJPS2,RJPS2,MCAACCSIC,1A,PYPL,*,53311.00,0,0.00000000,0,,,,,0,0.000000,0,MXN,ACCIONES,87352546.00,1.00000000,TECNOLOGIA DE LA INFORMACION,,,,,5190,SANTANDER ASSET MANAGEMENT,021,NACIONAL,1,,NACIONAL,0.00000000,0.00000000,02,MANDATOIMSS,MSANT,0.00000,955376000,0.000,0,87352546.00
MSANT0000061,MSANT00001,2025/08/29,RJPS2,RJPS2,MCAACCSIC,1A,QCOM,*,11451.00,0,0.00000000,0,,,,,0,0.000000,0,MXN,ACCIONES,24622994.00,1.00000000,TECNOLOGIA DE LA INFORMACION,,,,,5190,SANTANDER ASSET MANAGEMENT,021,NACIONAL,1,,NACIONAL,0.00000000,0.00000000,02,MANDATOIMSS,MSANT,0.00000,1078520000,0.000,0,24622994.00
MSANT0000062,MSANT00001,2025/08/29,RJPS2,RJPS2,MCAACCSIC,1A,REGN,*,5558.00,0,0.00000000,0,,,,,0,0.000000,0,MXN,ACCIONES,74294445.00,1.00000000,SALUD,,,,,5190,SANTANDER ASSET MANAGEMENT,021,NACIONAL,1,,NACIONAL,0.00000000,0.00000000,02,MANDATOIMSS,MSANT,0.00000,105987000,0.000,0,74294445.00
MSANT0000063,MSANT00001,2025/08/29,RJPS2,RJPS2,MCAETFEXT,1I,RSP,*,77612.00,0,0.00000000,0,,,,,0,0.000000,0,MXN,ETF,294331425.00,1.00000000,SERVICIOS FINANCIEROS,,,,,5190,SANTANDER ASSET MANAGEMENT,021,NACIONAL,1,,NACIONAL,0.00000000,0.00000000,02,MANDATOIMSS,MSANT,0.00000,393304000,0.000,0,294331425.00
MSANT0000064,MSANT00001,2025/08/29,RJPS2,RJPS2,MCAACCSIC,1A,RTX,*,17688.00,0,0.00000000,0,,,,,0,0.000000,0,MXN,ACCIONES,49537367.00,1.00000000,INDUSTRIAL,,,,,5190,SANTANDER ASSET MANAGEMENT,021,NACIONAL,1,,NACIONAL,0.00000000,0.00000000,02,MANDATOIMSS,MSANT,0.00000,1338540000,0.000,0,49537367.00
MSANT0000065,MSANT00001,2025/08/29,RJPS2,RJPS2,MCAACCSIC,1A,SBUX,*,19797.00,0,0.00000000,0,,,,,0,0.000000,0,MXN,ACCIONES,40528942.00,1.00000000,SERVICIOS Y BIENES DE CONSUMO NO BASICO,,,,,5190,SANTANDER ASSET MANAGEMENT,021,NACIONAL,1,,NACIONAL,0.00000000,0.00000000,02,MANDATOIMSS,MSANT,0.00000,1136700000,0.000,0,40528942.00
MSANT0000066,MSANT00001,2025/08/29,RJPS2,RJPS2,MCAETFEXT,1I,SHV,*,33851.00,0,0.00000000,0,,,,,0,0.000000,0,MXN,ETF,70609705.00,1.00000000,SERVICIOS FINANCIEROS,,,,,5190,SANTANDER ASSET MANAGEMENT,021,NACIONAL,1,,NACIONAL,0.00000000,0.00000000,02,MANDATOIMSS,MSANT,0.00000,188240000,0.000,0,70609705.00
MSANT0000067,MSANT00001,2025/08/29,RJPS2,RJPS2,MCAACCSIC,1A,SNPS,*,3300.00,0,0.00000000,0,,,,,0,0.000000,0,MXN,ACCIONES,33049962.00,1.00000000,TECNOLOGIA DE LA INFORMACION,,,,,5190,SANTANDER ASSET MANAGEMENT,021,NACIONAL,1,,NACIONAL,0.00000000,0.00000000,02,MANDATOIMSS,MSANT,0.00000,185044000,0.000,0,33049962.00
MSANT0000068,MSANT00001,2025/08/29,RJPS2,RJPS2,MCAETFEXT,1I,SPSM,*,201013.00,0,0.00000000,0,,,,,0,0.000000,0,MXN,ETF,143616529.00,1.00000000,SERVICIOS FINANCIEROS,,,,,5190,SANTANDER ASSET MANAGEMENT,021,NACIONAL,1,,NACIONAL,0.00000000,0.00000000,02,MANDATOIMSS,MSANT,0.00000,272110000,0.000,0,143616529.00
MSANT0000069,MSANT00001,2025/08/29,RJPS2,RJPS2,MCAACCSIC,1A,TMO,*,6147.00,0,0.00000000,0,,,,,0,0.000000,0,MXN,ACCIONES,55461255.00,1.00000000,SALUD,,,,,5190,SANTANDER ASSET MANAGEMENT,021,NACIONAL,1,,NACIONAL,0.00000000,0.00000000,02,MANDATOIMSS,MSANT,0.00000,377612000,0.000,0,55461255.00
MSANT0000070,MSANT00001,2025/08/29,RJPS2,RJPS2,MCAACCSIC,1A,TSLA,*,13299.00,0,0.00000000,0,,,,,0,0.000000,0,MXN,ACCIONES,53944704.00,1.00000000,SERVICIOS Y BIENES DE CONSUMO NO BASICO,,,,,5190,SANTANDER ASSET MANAGEMENT,021,NACIONAL,1,,NACIONAL,0.00000000,0.00000000,02,MANDATOIMSS,MSANT,0.00000,3225460000,0.000,0,53944704.00
MSANT0000071,MSANT00001,2025/08/29,RJPS2,RJPS2,MCAACCSIC,1A,TXN,*,8374.00,0,0.00000000,0,,,,,0,0.000000,0,MXN,ACCIONES,33820911.00,1.00000000,TECNOLOGIA DE LA INFORMACION,,,,,5190,SANTANDER ASSET MANAGEMENT,021,NACIONAL,1,,NACIONAL,0.00000000,0.00000000,02,MANDATOIMSS,MSANT,0.00000,909138000,0.000,0,33820911.00
MSANT0000072,MSANT00001,2025/08/29,RJPS2,RJPS2,MCAACCSIC,1A,UBER,*,33290.00,0,0.00000000,0,,,,,0,0.000000,0,MXN,ACCIONES,40403543.00,1.00000000,TECNOLOGIA DE LA INFORMACION,,,,,5190,SANTANDER ASSET MANAGEMENT,021,NACIONAL,1,,NACIONAL,0.00000000,0.00000000,02,MANDATOIMSS,MSANT,0.00000,2085420000,0.000,0,40403543.00
MSANT0000073,MSANT00001,2025/08/29,RJPS2,RJPS2,MCAACCSIC,1A,UNH,*,6039.00,0,0.00000000,0,,,,,0,0.000000,0,MXN,ACCIONES,33942562.00,1.00000000,SALUD,,,,,5190,SANTANDER ASSET MANAGEMENT,021,NACIONAL,1,,NACIONAL,0.00000000,0.00000000,02,MANDATOIMSS,MSANT,0.00000,905674000,0.000,0,33942562.00
MSANT0000074,MSANT00001,2025/08/29,RJPS2,RJPS2,MCAACCSIC,1A,V,*,29407.00,0,0.00000000,0,,,,,0,0.000000,0,MXN,ACCIONES,137394845.00,1.00000000,SERVICIOS FINANCIEROS,,,,,5190,SANTANDER ASSET MANAGEMENT,021,NACIONAL,1,,NACIONAL,0.00000000,0.00000000,02,MANDATOIMSS,MSANT,0.00000,1926590000,0.000,0,137394845.00
MSANT0000075,MSANT00001,2025/08/29,RJPS2,RJPS2,MCAETFEXT,1I,VAW,*,27924.00,0,0.00000000,0,,,,,0,0.000000,0,MXN,ETF,100927663.00,1.00000000,TRACKER INTERNACIONAL,,,,,5190,SANTANDER ASSET MANAGEMENT,021,NACIONAL,1,,NACIONAL,0.00000000,0.00000000,02,MANDATOIMSS,MSANT,0.00000,13744700,0.000,0,100927663.00
MSANT0000076,MSANT00001,2025/08/29,RJPS2,RJPS2,MCAACCRNV,1,VESTA,*,711000.00,0,0.00000000,0,,,,,0,0.000000,0,MXN,ACCIONES,37050383.00,1.00000000,INDUSTRIAL,,,,,5190,SANTANDER ASSET MANAGEMENT,021,NACIONAL,1,,NACIONAL,0.00000000,0.00000000,02,MANDATOIMSS,MSANT,0.00000,882613000,0.000,0,37050383.00
MSANT0000077,MSANT00001,2025/08/29,RJPS2,RJPS2,MCAACCSIC,1A,VRTX,*,6670.00,0,0.00000000,0,,,,,0,0.000000,0,MXN,ACCIONES,55855011.00,1.00000000,SALUD,,,,,5190,SANTANDER ASSET MANAGEMENT,021,NACIONAL,1,,NACIONAL,0.00000000,0.00000000,02,MANDATOIMSS,MSANT,0.00000,256391000,0.000,0,55855011.00
MSANT0000078,MSANT00001,2025/08/29,RJPS2,RJPS2,MCAACCRNV,1,WALMEX,*,1025000.00,0,0.00000000,0,,,,,0,0.000000,0,MXN,ACCIONES,65711876.00,1.00000000,PRODUCTOS DE CONSUMO FRECUENTE,,,,,5190,SANTANDER ASSET MANAGEMENT,021,NACIONAL,1,,NACIONAL,0.00000000,0.00000000,02,MANDATOIMSS,MSANT,0.00000,17326000000,0.000,0,65711876.00
MSANT0000079,MSANT00001,2025/08/29,RJPS2,RJPS2,MCAETFEXT,1I,XLU,*,85228.00,0,0.00000000,0,,,,,0,0.000000,0,MXN,ETF,115934516.00,1.00000000,TRACKER INTERNACIONAL,,,,,5190,SANTANDER ASSET MANAGEMENT,021,NACIONAL,1,,NACIONAL,0.00000000,0.00000000,02,MANDATOIMSS,MSANT,0.00000,249274000,0.000,0,115934516.00
